<ehcache>

    <!-- Sets the path to the directory where cache .data files are created.

         If the path is a Java System Property it is replaced by
         its value in the running VM.

         The following properties are translated:
         user.home - User's home directory
         user.dir - User's current working directory
         java.io.tmpdir - Default temp file path -->
    <diskStore path="C:/temp/cache/jboss/tmp/HaCache"/>


    <!--Default Cache configuration. These will applied to caches programmatically created through
        the CacheManager.

        The following attributes are required for defaultCache:

        maxInMemory       - Sets the maximum number of objects that will be created in memory
        eternal           - Sets whether elements are eternal. If eternal,  timeouts are ignored and the element
                            is never expired.
        timeToIdleSeconds - Sets the time to idle for an element before it expires. Is only used
                            if the element is not eternal. Idle time is now - last accessed time
        timeToLiveSeconds - Sets the time to live for an element before it expires. Is only used
                            if the element is not eternal. TTL is now - creation time
        overflowToDisk    - Sets whether elements can overflow to disk when the in-memory cache
                            has reached the maxInMemory limit.

        -->
    <defaultCache
        maxElementsInMemory="10000"
        eternal="false"
        timeToIdleSeconds="120"
        timeToLiveSeconds="120"
        overflowToDisk="true"
        />

    <!--Predefined caches.  Add your cache configuration settings here.
        If you do not have a configuration for your cache a WARNING will be issued when the
        CacheManager starts

        The following attributes are required for defaultCache:

        name              - Sets the name of the cache. This is used to identify the cache. It must be unique.
        maxInMemory       - Sets the maximum number of objects that will be created in memory
        eternal           - Sets whether elements are eternal. If eternal,  timeouts are ignored and the element
                            is never expired.
        timeToIdleSeconds - Sets the time to idle for an element before it expires. Is only used
                            if the element is not eternal. Idle time is now - last accessed time
        timeToLiveSeconds - Sets the time to live for an element before it expires. Is only used
                            if the element is not eternal. TTL is now - creation time
        overflowToDisk    - Sets whether elements can overflow to disk when the in-memory cache
                            has reached the maxInMemory limit.

        -->


    <!-- Place configuration for your caches following -->

	<cache name="HA_REGISTRO_HISTORICO"
	maxElementsInMemory="2000"
	eternal="false"
	timeToIdleSeconds="120"
	timeToLiveSeconds="7200"
	overflowToDisk="false"
	/>
	<cache name="HA_REGISTRO_PAI"
	maxElementsInMemory="1000"
	eternal="false"
	timeToIdleSeconds="120"
	timeToLiveSeconds="600"
	overflowToDisk="false"
	/>	
	<cache name="HA_DADOS_DICIONARIO"
	maxElementsInMemory="2000"
	eternal="true"
	timeToIdleSeconds="3600"
	timeToLiveSeconds="86400"
	overflowToDisk="false"
	/>		
	<cache name="HA_CONFIGURACAO_ATIVA"
	maxElementsInMemory="150"
	eternal="true"
	timeToIdleSeconds="3600"
	timeToLiveSeconds="86400"
	overflowToDisk="false"
	/>
	<cache name="HA_CONFIGURACAO_PADRAO"
	maxElementsInMemory="150"
	eternal="true"
	timeToIdleSeconds="3600"
	timeToLiveSeconds="86400"
	overflowToDisk="false"
	/>		
	<cache name="HA_TELA_TABELA"
	maxElementsInMemory="1000"
	eternal="true"
	timeToIdleSeconds="3600"
	timeToLiveSeconds="86400"
	overflowToDisk="false"
	/>
	<cache name="HA_EXISTE_HISTORICO"
	maxElementsInMemory="1000"
	eternal="true"
	timeToIdleSeconds="3600"
	timeToLiveSeconds="86400"
	overflowToDisk="false"
	/>					
</ehcache>
