<?xml version="1.0" encoding="ISO-8859-1"?>
<ARVORE>
	<ROOT>
		<NOME>SynCtrlUsuPlugin</NOME>
		<DESCRICAO>SynCtrlUsuPlugin</DESCRICAO>

		<MODULOS>
			<MODULO>
				<NOME>Telas</NOME>
				<DESCRICAO>Telas</DESCRICAO>
				<MODULOS>

					<MODULO page-id="carros">
						<NOME>Carros Controller</NOME>
						<DESCRICAO>Carros Controller</DESCRICAO>
					</MODULO>

					<MODULO page-id="fabricante">
						<NOME>Fabricante Controller</NOME>
						<DESCRICAO>Fabricante Controller</DESCRICAO>
					</MODULO>
					
					<MODULO page-id="vendedores">
						<NOME>Vendedores Controller</NOME>
						<DESCRICAO>Vendedores Controller</DESCRICAO>
					</MODULO>

				</MODULOS>
			</MODULO>
		</MODULOS>
	</ROOT>
</ARVORE>
	